{
  "data": {
    "id": 133344236,
    "creator_id": 843040,
    "contact_id": null,
    "created_at": "2016-06-29T23:20:55Z",
    "updated_at": "2016-09-09T17:45:08Z",
    "title": "",
    "name": "*Theresa Rocha",
    "first_name": "*Theresa",
    "last_name": "Rocha",
    "description": null,
    "industry": null,
    "website": null,
    "email": "trocha@deltacollege.edu",
    "phone": "2099545830",
    "mobile": "2093277349",
    "fax": null,
    "twitter": null,
    "facebook": null,
    "linkedin": null,
    "skype": null,
    "owner_id": 775616,
    "is_organization": false,
    "address": {
      "city": "",
      "line1": "",
      "postal_code": "",
      "state": "",
      "country": "United States"
    },
    "tags": [
      "Nonbackout"
    ],
    "custom_fields": {
      "Home Phone": "(209) 954-5830",
      "New Section": "TDS Teacher Line",
      "District": "San Joaquin Delta CCD",
      "TDS": "Yes",
      "Our Region": "Northern CA",
      "New Lead Type": "TDS-A Lead",
      "Client ID": "13677220",
      "Territory": "TCH San Joaquin"
    },
    "customer_status": "current",
    "prospect_status": "none"
  },
  "meta": {
    "version": 49,
    "type": "contact"
  }
}