{
  "data": {
    "id": 1894040615,
    "owner_id": 770211,
    "first_name": "Daniel",
    "last_name": "Salazar",
    "source_id": 137256,
    "created_at": "2016-05-12T22:00:14Z",
    "updated_at": "2016-11-18T17:31:08Z",
    "twitter": null,
    "phone": null,
    "mobile": null,
    "facebook": null,
    "email": null,
    "title": null,
    "skype": null,
    "linkedin": null,
    "description": null,
    "industry": null,
    "fax": null,
    "website": null,
    "address": {
      "line1": "231 1/2 Vernon Dr",
      "city": "Upland",
      "postal_code": "91786",
      "state": "CA",
      "country": null
    },
    "status": "Available",
    "creator_id": 770454,
    "organization_name": null,
    "tags": [
      "FMG OC/Riverside/LA Life Licensed 0516"
    ],
    "custom_fields": {
      "Home Phone": "(909) 260-2795",
      "Response Note": "When is the right time for me to retire?  Learn how to save more for retirement without changing your take home pay. I’m not sure how my plan works. What is a 403b?What is the difference between a 403b and 457?Best time to contact is the evening",
      "New Section": "Agent",
      "District": "TDS Pomona USD",
      "TDS": "Yes",
      "District Phone": "(909) 397-4800",
      "Our Region": "Southern CA",
      "New Lead Type": "TDS-A Lead",
      "Agent ID": "493995",
      "Client ID": "13682414",
      "Mktg ID": "5316",
      "Territory": "TCH E San Gabriel",
      "Worksite Phone": "(323) 973-2390",
      "Worksite": "Primerica",
      "Worksite Address": "6520 Eastern Ave",
      "Worksite City": "Bell Gardens",
      "Worksite State": "CA",
      "Worksite Zip": "90201"
    }
  },
  "meta": {
    "version": 5,
    "type": "lead"
  }
}